Id,Designator,Footprint,Quantity,Designation,,,,
1,"J3, J1, J2",2PINJST,3,2PINJST,,,,
2,"R14, R13, R10, R1, R11, R16, R4, R6, R15, R7",RES_RN73R2ETTD10R0F25,10,10ohm,,,,                                            
3,"R9, R12, R8, R3",RN73R2ETTD1002B25,4,10kohm,,,,
4,"Q2, Q1",SQD10N30-330H GE3,2,NMOS,,,,
5,"U2, U4, U8, U9, U1, U5, U3, U10, U6, U7",SIRA99DP-T1-GE3,10,PMOS,,,,
6,C1,1572-1392-1-ND,1,22uf,,,,
7,"Molex+, Molex+, MolexGND, MolexGND",900-213050002-ND,4,~,,,,
8,J1,AMASS_XT90PW-M,1,XT90PW-M,,,,
9,R5,PNM1206E5001BST5,1,5kohm,,,,
10,R2,CR2010-JW-102ELF,1,1kohm,,,,
